idProject,nameProject,productionClass,testCase,PR,SR,isTestRedundancy ,isTestRedundancyManual
13,fastjson,IgnoreTypeDeserializer,com.alibaba.fastjson.deserializer.ignoretypedeserializer.parseobjectwithnotexisttypethrowexception,0.0,0.0,False,False
13,fastjson,JSONPath,com.alibaba.fastjson.jsonpathtest.eq1,0.0,0.0,False,False
13,fastjson,JSONPath,com.alibaba.fastjson.jsonpathtest.iseof2,0.0,0.0,False,False
13,fastjson,JSONScanner,com.alibaba.fastjson.parser.jsonscannertest.chararraycompare1,0.0,0.0,False,False
13,fastjson,JSONScanner,com.alibaba.fastjson.parser.jsonscannertest.checkdate16,0.0,0.0,False,False
13,fastjson,JSONScanner,com.alibaba.fastjson.parser.jsonscannertest.checkdate3,0.0,0.0,False,False
13,fastjson,JSONScanner,com.alibaba.fastjson.parser.jsonscannertest.checkdate6,0.0,0.0,False,False
13,fastjson,JSONScanner,com.alibaba.fastjson.parser.jsonscannertest.checktime10,0.0,0.0,False,False
13,fastjson,JSONScanner,com.alibaba.fastjson.parser.jsonscannertest.checktime13,0.0,0.0,False,False
13,fastjson,JSONScanner,com.alibaba.fastjson.parser.jsonscannertest.checktime16,0.0,0.0,False,False
13,fastjson,JSONScanner,com.alibaba.fastjson.parser.jsonscannertest.checktime17,0.0,0.0,False,False
13,fastjson,JSONScanner,com.alibaba.fastjson.parser.jsonscannertest.checktime5,0.0,0.0,False,False
13,fastjson,JSONScanner,com.alibaba.fastjson.parser.jsonscannertest.checktime7,0.0,0.0,False,False
13,fastjson,SerializeWriter,com.alibaba.fastjson.serializer.serializewritertest.testwritelitebasicstr,0.0,0.0,False,False
13,fastjson,ASMUtils,com.alibaba.json.bvt.asm.asmutilstest.test_gettype_null,0.0,0.0,False,False
13,fastjson,Type,com.alibaba.json.bvt.asm.testtype.test_gettype,0.0,0.0,False,False
13,fastjson,Bug14,com.alibaba.json.bvt.bug.bug14.test_0,0.0,0.0,False,False
13,fastjson,Bug_101_for_rongganlin_case3,com.alibaba.json.bvt.bug.bug_101_for_rongganlin_case3.test_for_bug,0.0,0.0,False,False
13,fastjson,Bug_127_for_qiuyan81,com.alibaba.json.bvt.bug.bug_127_for_qiuyan81.test_parserundefined_b,0.0,0.0,False,False
13,fastjson,Bug_127_for_qiuyan81,com.alibaba.json.bvt.bug.bug_127_for_qiuyan81.test_parserundefined_single,0.0,0.0,False,False
13,fastjson,Bug_127_for_qiuyan81,com.alibaba.json.bvt.bug.bug_127_for_qiuyan81.test_parserundefined_t,0.0,0.0,False,False
13,fastjson,Bug_7,com.alibaba.json.bvt.bug.bug_7.test_bigintegerarray,0.0,0.0,False,False
13,fastjson,Bug_8,com.alibaba.json.bvt.bug.bug_8.test_0,0.0,0.0,False,False
13,fastjson,Bug_for_42283905_1,com.alibaba.json.bvt.bug.bug_for_42283905_1.test_0,0.0,0.0,False,False
13,fastjson,Bug_for_80108116,com.alibaba.json.bvt.bug.bug_for_80108116.test_for_dateformat,0.0,0.0,False,False
13,fastjson,Bug_for_cduym,com.alibaba.json.bvt.bug.bug_for_cduym.test1,0.0,0.0,False,False
13,fastjson,Bug_for_cnhans,com.alibaba.json.bvt.bug.bug_for_cnhans.test_format,0.0,0.0,False,False
13,fastjson,Bug_for_Double2Tag,com.alibaba.json.bvt.bug.bug_for_double2tag.test_double,0.0,0.0,False,False
13,fastjson,Bug_for_dragoon,com.alibaba.json.bvt.bug.bug_for_dragoon.test_for_dragoon,0.0,0.0,False,False
13,fastjson,Bug_for_dragoon26,com.alibaba.json.bvt.bug.bug_for_dragoon26.test_0,0.0,0.0,False,False
13,fastjson,Bug_for_dubbo2,com.alibaba.json.bvt.bug.bug_for_dubbo2.test_emptyhashmap,0.0,0.0,False,False
13,fastjson,Bug_for_fushou,com.alibaba.json.bvt.bug.bug_for_fushou.test_case2,0.0,0.0,False,False
13,fastjson,Bug_for_huangchun,com.alibaba.json.bvt.bug.bug_for_huangchun.test_serialize_url,0.0,0.0,False,False
13,fastjson,Bug_for_huling,com.alibaba.json.bvt.bug.bug_for_huling.test_for_0,0.0,0.0,False,False
13,fastjson,Bug_for_huling,com.alibaba.json.bvt.bug.bug_for_huling.test_for_2029,0.0,0.0,False,True
13,fastjson,Bug_for_issue_253,com.alibaba.json.bvt.bug.bug_for_issue_253.test_for_issue,0.0,0.0,False,False
13,fastjson,Bug_for_issue_265,com.alibaba.json.bvt.bug.bug_for_issue_265.test_for_issue,0.0,0.0,False,False
13,fastjson,Bug_for_issue_268,com.alibaba.json.bvt.bug.bug_for_issue_268.test_for_issue_private,0.0,0.0,False,False
13,fastjson,Bug_for_issue_269,com.alibaba.json.bvt.bug.bug_for_issue_269.test_for_issue,0.0,0.0,False,False
13,fastjson,Bug_for_issue_278,com.alibaba.json.bvt.bug.bug_for_issue_278.test_for_issue_decode,0.0,0.0,False,False
13,fastjson,Bug_for_issue_296,com.alibaba.json.bvt.bug.bug_for_issue_296.test_for_issue_127,0.0,0.0,False,False
13,fastjson,Bug_for_issue_304,com.alibaba.json.bvt.bug.bug_for_issue_304.test_doublequote_vo,0.0,0.0,False,False
13,fastjson,Bug_for_issue_336,com.alibaba.json.bvt.bug.bug_for_issue_336.test_for_issue,0.0,0.0,False,False
13,fastjson,Bug_for_issue_364,com.alibaba.json.bvt.bug.bug_for_issue_364.test_for_issue,0.0,0.0,False,False
13,fastjson,Bug_for_issue_389,com.alibaba.json.bvt.bug.bug_for_issue_389.test_for_issue_1,0.0,0.0,False,False
13,fastjson,Bug_for_issue_414,com.alibaba.json.bvt.bug.bug_for_issue_414.test_for_issue,0.0,0.0,False,False
13,fastjson,Bug_for_issue_446,com.alibaba.json.bvt.bug.bug_for_issue_446.test_for_issue,0.0,0.0,False,False
13,fastjson,Bug_for_issue_447,com.alibaba.json.bvt.bug.bug_for_issue_447.test_for_issue,0.0,0.0,False,False
13,fastjson,Bug_for_issue_462,com.alibaba.json.bvt.bug.bug_for_issue_462.test_long,0.0,0.0,False,False
13,fastjson,Bug_for_issue_465,com.alibaba.json.bvt.bug.bug_for_issue_465.f_test_for_issue_private,0.0,0.0,False,False
13,fastjson,Bug_for_issue_465,com.alibaba.json.bvt.bug.bug_for_issue_465.test_for_issue,0.0,0.0,False,False
13,fastjson,Bug_for_issue_469,com.alibaba.json.bvt.bug.bug_for_issue_469.test_for_issue,0.0,0.0,False,False
13,fastjson,Bug_for_issue_470,com.alibaba.json.bvt.bug.bug_for_issue_470.test_for_issue_method,0.0,0.0,False,False
13,fastjson,Bug_for_issue_479,com.alibaba.json.bvt.bug.bug_for_issue_479.test_for_issue_blankinput,0.0,0.0,False,False
13,fastjson,Bug_for_issue_537,com.alibaba.json.bvt.bug.bug_for_issue_537.test_for_issue_method,0.0,0.0,False,False
13,fastjson,Bug_for_issue_537,com.alibaba.json.bvt.bug.bug_for_issue_537.test_for_issue_private,0.0,0.0,False,False
13,fastjson,Bug_for_issue_572_private,com.alibaba.json.bvt.bug.bug_for_issue_572_private.test_for_issue_1,0.0,0.0,False,False
13,fastjson,Bug_for_issue_630,com.alibaba.json.bvt.bug.bug_for_issue_630.test_for_issue_empty,0.0,0.0,False,False
13,fastjson,Bug_for_issue_630,com.alibaba.json.bvt.bug.bug_for_issue_630.test_for_issue_null,0.0,0.0,False,False
13,fastjson,Bug_for_issue_694,com.alibaba.json.bvt.bug.bug_for_issue_694.test_for_issue,0.0,0.0,False,False
13,fastjson,Bug_for_issue_807,com.alibaba.json.bvt.bug.bug_for_issue_807.test_for_issue,0.0,0.0,False,False
13,fastjson,Bug_for_jinguwei,com.alibaba.json.bvt.bug.bug_for_jinguwei.test_null,0.0,0.0,False,False
13,fastjson,Bug_for_lenolix,com.alibaba.json.bvt.bug.bug_for_lenolix.test_fieldmap,0.0,0.0,False,False
13,fastjson,Bug_for_lenolix_11,com.alibaba.json.bvt.bug.bug_for_lenolix_11.test_for_objectkey,0.0,0.0,False,False
13,fastjson,Bug_for_lenolix_4,com.alibaba.json.bvt.bug.bug_for_lenolix_4.test_for_objectkey,0.0,0.0,False,False
13,fastjson,Bug_for_lenolix_8,com.alibaba.json.bvt.bug.bug_for_lenolix_8.test_for_objectkey,0.0,0.0,False,False
13,fastjson,Bug_for_lenolix_9,com.alibaba.json.bvt.bug.bug_for_lenolix_9.test_for_objectkey,0.0,0.0,False,False
13,fastjson,Bug_for_long_whitespace,com.alibaba.json.bvt.bug.bug_for_long_whitespace.test,0.0,0.0,False,False
13,fastjson,Bug_for_O_I_See_you,com.alibaba.json.bvt.bug.bug_for_o_i_see_you.test_bug,0.0,0.0,False,False
13,fastjson,bug_for_pengsong0302,com.alibaba.json.bvt.bug.bug_for_pengsong0302.test_0,0.0,0.0,False,False
13,fastjson,bug_for_pengsong0302,com.alibaba.json.bvt.bug.bug_for_pengsong0302.test_2029_1,0.0,0.0,False,False
13,fastjson,Bug_for_primitive_boolean,com.alibaba.json.bvt.bug.bug_for_primitive_boolean.test_emptystr,0.0,0.0,False,False
13,fastjson,Bug_for_primitive_boolean,com.alibaba.json.bvt.bug.bug_for_primitive_boolean.test_null,0.0,0.0,False,False
13,fastjson,Bug_for_primitive_byte,com.alibaba.json.bvt.bug.bug_for_primitive_byte.test_emptystr,0.0,0.0,False,False
13,fastjson,Bug_for_primitive_double,com.alibaba.json.bvt.bug.bug_for_primitive_double.test_emptystr,0.0,0.0,False,False
13,fastjson,Bug_for_primitive_int,com.alibaba.json.bvt.bug.bug_for_primitive_int.test_null,0.0,0.0,False,False
13,fastjson,Bug_for_primitive_int,com.alibaba.json.bvt.bug.bug_for_primitive_int.test_strnull,0.0,0.0,False,False
13,fastjson,Bug_for_primitive_short,com.alibaba.json.bvt.bug.bug_for_primitive_short.test_emptystr,0.0,0.0,False,False
13,fastjson,Bug_for_primitive_short,com.alibaba.json.bvt.bug.bug_for_primitive_short.test_null,0.0,0.0,False,False
13,fastjson,Bug_for_qianbi,com.alibaba.json.bvt.bug.bug_for_qianbi.test_for_bug,0.0,0.0,False,False
13,fastjson,Bug_for_smoothrat2,com.alibaba.json.bvt.bug.bug_for_smoothrat2.test_0,0.0,0.0,False,False
13,fastjson,Bug_for_smoothrat4,com.alibaba.json.bvt.bug.bug_for_smoothrat4.test_byte,0.0,0.0,False,False
13,fastjson,Bug_for_SpitFire,com.alibaba.json.bvt.bug.bug_for_spitfire.test_for_spitfire,0.0,0.0,False,False
13,fastjson,Bug_for_SpitFire_4,com.alibaba.json.bvt.bug.bug_for_spitfire_4.test_for_spitfire,0.0,0.0,False,False
13,fastjson,Bug_for_stv_liu,com.alibaba.json.bvt.bug.bug_for_stv_liu.test,0.0,0.0,False,False
13,fastjson,Bug_for_uin57,com.alibaba.json.bvt.bug.bug_for_uin57.test_multiarray,0.0,0.0,False,False
13,fastjson,Bug_for_wangran2,com.alibaba.json.bvt.bug.bug_for_wangran2.test_for_wangran,0.0,0.0,False,False
13,fastjson,Bug_for_wuyexiong,com.alibaba.json.bvt.bug.bug_for_wuyexiong.test_for_wuyexiong,0.0,0.0,False,False
13,fastjson,Bug_for_yangqi,com.alibaba.json.bvt.bug.bug_for_yangqi.test_for_bug,0.0,0.0,False,False
13,fastjson,Bug_for_yanpei2,com.alibaba.json.bvt.bug.bug_for_yanpei2.test_for_sepcial_chars,0.0,0.0,False,False
13,fastjson,Bug_for_yaoming_1,com.alibaba.json.bvt.bug.bug_for_yaoming_1.test_0,0.0,0.0,False,False
13,fastjson,Bug_for_yuanmomo_Issue_504,com.alibaba.json.bvt.bug.bug_for_yuanmomo_issue_504.test_for_issue,0.0,0.0,False,False
13,fastjson,Bug_for_yuanmomo_Issue_504,com.alibaba.json.bvt.bug.bug_for_yuanmomo_issue_504.test_for_issue_2,0.0,0.0,False,False
13,fastjson,Bug_for_yuanmomo_Issue_505_1,com.alibaba.json.bvt.bug.bug_for_yuanmomo_issue_505_1.test_for_issue,0.0,0.0,False,False
13,fastjson,Bug_for_yuanmomo_Issue_505_1,com.alibaba.json.bvt.bug.bug_for_yuanmomo_issue_505_1.test_for_issue_2,0.0,0.0,False,False
13,fastjson,Bug_for_zhaoyao,com.alibaba.json.bvt.bug.bug_for_zhaoyao.test_fieldmap,0.0,0.0,False,False
13,fastjson,Bug_KimShen,com.alibaba.json.bvt.bug.bug_kimshen.test_0,0.0,0.0,False,False
13,fastjson,Issue1013,com.alibaba.json.bvt.bug.issue1013.test_for_issue3,0.0,0.0,False,False
13,fastjson,Issue1017,com.alibaba.json.bvt.bug.issue1017.test_for_issue,0.0,0.0,False,False
13,fastjson,Issue101_field,com.alibaba.json.bvt.bug.issue101_field.test_for_issure,0.0,0.0,False,False
13,fastjson,Issue1063_date,com.alibaba.json.bvt.bug.issue1063_date.test_for_issue,0.0,0.0,False,False
13,fastjson,Issue118,com.alibaba.json.bvt.bug.issue118.test_for_issue,0.0,0.0,False,False
13,fastjson,Issue126,com.alibaba.json.bvt.bug.issue126.test_for_issue,0.0,0.0,False,False
13,fastjson,Issue1296,com.alibaba.json.bvt.bug.issue1296.test_for_issue,0.0,0.0,False,False
13,fastjson,Issue146,com.alibaba.json.bvt.bug.issue146.test_for_issue,0.0,0.0,False,False
13,fastjson,Issue169,com.alibaba.json.bvt.bug.issue169.test_for_issue,0.0,0.0,False,False
13,fastjson,Issue177,com.alibaba.json.bvt.bug.issue177.test_for_issue_177,0.0,0.0,False,False
13,fastjson,Issue199,com.alibaba.json.bvt.bug.issue199.test_for_issue,0.0,0.0,False,False
13,fastjson,Issue215_double_array,com.alibaba.json.bvt.bug.issue215_double_array.test_for_issue,0.0,0.0,False,False
13,fastjson,Issue215_int_array,com.alibaba.json.bvt.bug.issue215_int_array.test_for_issue,0.0,0.0,False,False
13,fastjson,Issue243,com.alibaba.json.bvt.bug.issue243.testserialize,0.0,0.0,False,False
13,fastjson,Issue248_orderedField,com.alibaba.json.bvt.bug.issue248_orderedfield.test_3,0.0,0.0,False,False
13,fastjson,Issue569,com.alibaba.json.bvt.bug.issue569.test_for_issue,0.0,0.0,False,False
13,fastjson,Issue62,com.alibaba.json.bvt.bug.issue62.test_for_issue,0.0,0.0,False,False
13,fastjson,Issue689,com.alibaba.json.bvt.bug.issue689.test_0,0.0,0.0,False,False
13,fastjson,Issue69,com.alibaba.json.bvt.bug.issue69.test_for_issue,0.0,0.0,False,False
13,fastjson,Issue744_1,com.alibaba.json.bvt.bug.issue744_1.test_for_issue,0.0,0.0,False,False
13,fastjson,Issue779,com.alibaba.json.bvt.bug.issue779.test_for_issue_deser,0.0,0.0,False,False
13,fastjson,Issue780,com.alibaba.json.bvt.bug.issue780.test_for_issue,0.0,0.0,False,False
13,fastjson,Issue798_1,com.alibaba.json.bvt.bug.issue798_1.test_for_issue,0.0,0.0,False,False
13,fastjson,Issue799,com.alibaba.json.bvt.bug.issue799.test_for_issue,0.0,0.0,False,False
13,fastjson,Issue821,com.alibaba.json.bvt.bug.issue821.test_for_issue,0.0,0.0,False,False
13,fastjson,Issue868,com.alibaba.json.bvt.bug.issue868.test_byte,0.0,0.0,False,False
13,fastjson,Issue868,com.alibaba.json.bvt.bug.issue868.test_float_min,0.0,0.0,False,False
13,fastjson,Issue868,com.alibaba.json.bvt.bug.issue868.test_int,0.0,0.0,False,False
13,fastjson,Issue868,com.alibaba.json.bvt.bug.issue868.test_short_min,0.0,0.0,False,False
13,fastjson,Issue869_1,com.alibaba.json.bvt.bug.issue869_1.test_for_issue_parse,0.0,0.0,False,False
13,fastjson,Issue87,com.alibaba.json.bvt.bug.issue87.test_for_issue,0.0,0.0,False,False
13,fastjson,Issue87_hashset,com.alibaba.json.bvt.bug.issue87_hashset.test_for_issue,0.0,0.0,False,False
13,fastjson,Issue87_treeset,com.alibaba.json.bvt.bug.issue87_treeset.test_for_issue,0.0,0.0,False,False
13,fastjson,Issue887,com.alibaba.json.bvt.bug.issue887.test_for_issue,0.0,0.0,False,False
13,fastjson,Issue89,com.alibaba.json.bvt.bug.issue89.test_for_issue,0.0,0.0,False,False
13,fastjson,Issue912,com.alibaba.json.bvt.bug.issue912.test_for_issue,0.0,0.0,False,False
13,fastjson,Issue922,com.alibaba.json.bvt.bug.issue922.test_for_issue,0.0,0.0,False,False
13,fastjson,Issue939,com.alibaba.json.bvt.bug.issue939.test_for_issue_true,0.0,0.0,False,False
13,fastjson,Issue942,com.alibaba.json.bvt.bug.issue942.test_for_issue,0.0,0.0,False,False
13,fastjson,Issue944,com.alibaba.json.bvt.bug.issue944.test_for_issue,0.0,0.0,False,False
13,fastjson,Issue952,com.alibaba.json.bvt.bug.issue952.test_for_issue,0.0,0.0,False,False
13,fastjson,Issue955,com.alibaba.json.bvt.bug.issue955.test_checkarray,0.0,0.0,False,False
13,fastjson,Issue963,com.alibaba.json.bvt.bug.issue963.test_for_issue,0.0,0.0,False,False
13,fastjson,Issue983,com.alibaba.json.bvt.bug.issue983.test_for_issue,0.0,0.0,False,False
13,fastjson,Issue983_1,com.alibaba.json.bvt.bug.issue983_1.test_for_issue,0.0,0.0,False,False
13,fastjson,Issue989,com.alibaba.json.bvt.bug.issue989.test_for_issue,0.0,0.0,False,False
13,fastjson,Issue_for_huangfeng,com.alibaba.json.bvt.bug.issue_for_huangfeng.test_for_huangfeng,0.0,0.0,False,False
13,fastjson,Issue_for_oschina_3087749_2215732,com.alibaba.json.bvt.bug.issue_for_oschina_3087749_2215732.test_for_issue,0.0,0.0,False,False
13,fastjson,KeyBug_for_zhongl,com.alibaba.json.bvt.bug.keybug_for_zhongl.testdeserialize_static,0.0,0.0,False,False
13,fastjson,Mogujie_02,com.alibaba.json.bvt.bug.mogujie_02.test_for_issue,0.0,0.0,False,False
13,fastjson,DefaultJSONParser,com.alibaba.json.bvt.defaultjsonparsertest.test_error,0.0,0.0,False,False
13,fastjson,DefaultJSONParser,com.alibaba.json.bvt.defaultjsonparsertest.test_error11,0.0,0.0,False,False
13,fastjson,MultiMapTes,com.alibaba.json.bvt.guava.multimaptes.test_multimap,0.0,0.0,False,False
13,fastjson,IncomingDataPoint,com.alibaba.json.bvt.incomingdatapointtest.test_0,0.0,0.0,False,False
13,fastjson,Issue1082,com.alibaba.json.bvt.issue_1000.issue1082.test_for_issue,0.0,0.0,False,False
13,fastjson,Issue1138,com.alibaba.json.bvt.issue_1100.issue1138.test_for_issue,0.0,0.0,False,False
13,fastjson,Issue1140,com.alibaba.json.bvt.issue_1100.issue1140.test_for_issue,0.0,0.0,False,False
13,fastjson,Issue1152,com.alibaba.json.bvt.issue_1100.issue1152.test_for_issue,0.0,0.0,False,False
13,fastjson,Issue1165,com.alibaba.json.bvt.issue_1100.issue1165.test_for_issue,0.0,0.0,False,False
13,fastjson,Issue1177_2,com.alibaba.json.bvt.issue_1100.issue1177_2.test_for_issue,0.0,0.0,False,False
13,fastjson,Issue969,com.alibaba.json.bvt.issue_1100.issue969.test_for_issue,0.0,0.0,False,False
13,fastjson,Issue969,com.alibaba.json.bvt.issue_1100.issue969.test_for_issue_1,0.0,0.0,False,
13,fastjson,Issue1226,com.alibaba.json.bvt.issue_1200.issue1226.test_for_issue,0.0,0.0,False,False
13,fastjson,Issue1231,com.alibaba.json.bvt.issue_1200.issue1231.test_for_issue,0.0,0.0,False,False
13,fastjson,Issue1235,com.alibaba.json.bvt.issue_1200.issue1235.test_for_issue,0.0,0.0,False,False
13,fastjson,Issue1240,com.alibaba.json.bvt.issue_1200.issue1240.test_for_issue,0.0,0.0,False,False
13,fastjson,Issue1246,com.alibaba.json.bvt.issue_1200.issue1246.test_for_issue,0.0,0.0,False,False
13,fastjson,Issue1254,com.alibaba.json.bvt.issue_1200.issue1254.test_for_issue,0.0,0.0,False,False
13,fastjson,Issue1265,com.alibaba.json.bvt.issue_1200.issue1265.test_0,0.0,0.0,False,False
13,fastjson,Issue1267,com.alibaba.json.bvt.issue_1200.issue1267.test_for_issue,0.0,0.0,False,False
13,fastjson,Issue1281,com.alibaba.json.bvt.issue_1200.issue1281.test_for_issue,0.0,0.0,False,False
13,fastjson,Issue1293,com.alibaba.json.bvt.issue_1200.issue1293.test_for_issue,0.0,0.0,False,False
13,fastjson,JSON,com.alibaba.json.bvt.issue_1200.issue1298.test_for_issue,0.0,0.0,False,False
13,fastjson,Issue1300,com.alibaba.json.bvt.issue_1300.issue1300.testemptyjson,0.0,0.0,False,False
13,fastjson,Issue1310,com.alibaba.json.bvt.issue_1300.issue1310.test_trim,0.0,0.0,False,False
13,fastjson,Issue1330_boolean,com.alibaba.json.bvt.issue_1300.issue1330_boolean.test_for_issue,0.0,0.0,False,False
13,fastjson,Issue1330_byte,com.alibaba.json.bvt.issue_1300.issue1330_byte.test_for_issue_1,0.0,0.0,False,False
13,fastjson,Issue1330_decimal,com.alibaba.json.bvt.issue_1300.issue1330_decimal.test_for_issue,0.0,0.0,False,False
13,fastjson,Issue1330_long,com.alibaba.json.bvt.issue_1300.issue1330_long.test_for_issue_2,0.0,0.0,False,False
13,fastjson,Issue1330_short,com.alibaba.json.bvt.issue_1300.issue1330_short.test_for_issue_2,0.0,0.0,False,False
13,fastjson,Issue1362,com.alibaba.json.bvt.issue_1300.issue1362.test_for_issue,0.0,0.0,False,False
13,fastjson,Issue1367,com.alibaba.json.bvt.issue_1300.issue1367.testtypevariablebean,0.0,0.0,False,False
13,fastjson,Issue1367_jaxrs,com.alibaba.json.bvt.issue_1300.issue1367_jaxrs.testparameterizedtypebean,0.0,0.0,False,False
13,fastjson,Issue1368,com.alibaba.json.bvt.issue_1300.issue1368.test_for_issue,0.0,0.0,False,False
13,fastjson,Issue1392,com.alibaba.json.bvt.issue_1300.issue1392.test,0.0,0.0,False,False
13,fastjson,Issue_for_zuojian,com.alibaba.json.bvt.issue_1300.issue_for_zuojian.test_for_issue,0.0,0.0,False,False
13,fastjson,Issue1423,com.alibaba.json.bvt.issue_1400.issue1423.test_for_issue_arraymapping,0.0,0.0,False,False
13,fastjson,Issue1423,com.alibaba.json.bvt.issue_1400.issue1423.test_for_issue_reader,0.0,0.0,False,False
13,fastjson,Issue1424,com.alibaba.json.bvt.issue_1400.issue1424.test_for_issue_int,0.0,0.0,False,False
13,fastjson,Issue1449,com.alibaba.json.bvt.issue_1400.issue1449.test_for_issue,0.0,0.0,False,False
13,fastjson,Issue1458,com.alibaba.json.bvt.issue_1400.issue1458.test_for_issue,0.0,0.0,False,False
13,fastjson,Issue1474,com.alibaba.json.bvt.issue_1400.issue1474.test_for_issue,0.0,0.0,False,False
13,fastjson,Issue1486,com.alibaba.json.bvt.issue_1400.issue1486.test_for_issue,0.0,0.0,False,False
13,fastjson,Issue1492,com.alibaba.json.bvt.issue_1400.issue1492.test_for_issue,0.0,0.0,False,False
13,fastjson,Issue1493,com.alibaba.json.bvt.issue_1400.issue1493.test_for_issue,0.0,0.0,False,False
13,fastjson,Issue1496,com.alibaba.json.bvt.issue_1400.issue1496.test_for_issue,0.0,0.0,False,False
13,fastjson,Issue1498,com.alibaba.json.bvt.issue_1400.issue1498.test_for_issue,0.0,0.0,False,False
13,fastjson,Issue1570,com.alibaba.json.bvt.issue_1500.issue1570.test_for_issue,0.0,0.0,False,False
13,fastjson,Issue1570_private,com.alibaba.json.bvt.issue_1500.issue1570_private.test_for_issue_long,0.0,0.0,False,False
13,fastjson,Issue1580_private,com.alibaba.json.bvt.issue_1500.issue1580_private.test_for_issue,0.0,0.0,False,False
13,fastjson,Issue1582,com.alibaba.json.bvt.issue_1500.issue1582.test_for_issue_1,0.0,0.0,False,False
13,fastjson,Issue1583,com.alibaba.json.bvt.issue_1500.issue1583.test_issue,0.0,0.0,False,False
13,fastjson,Issue1603_getter,com.alibaba.json.bvt.issue_1600.issue1603_getter.test_unmodifier,0.0,0.0,False,False
13,fastjson,Issue1628,com.alibaba.json.bvt.issue_1600.issue1628.test_tojsonbytes_1,0.0,0.0,False,False
13,fastjson,Issue1635,com.alibaba.json.bvt.issue_1600.issue1635.test_issue_1,0.0,0.0,False,False
13,fastjson,Issue1644,com.alibaba.json.bvt.issue_1600.issue1644.test_for_issue,0.0,0.0,False,False
13,fastjson,Issue1649,com.alibaba.json.bvt.issue_1600.issue1649.test_for_issue,0.0,0.0,False,False
13,fastjson,Issue1683,com.alibaba.json.bvt.issue_1600.issue1683.test_for_issue,0.0,0.0,False,False
13,fastjson,Issue_for_gaorui,com.alibaba.json.bvt.issue_1600.issue_for_gaorui.test_for_issue,0.0,0.0,False,False
13,fastjson,Issue1733_jsonpath,com.alibaba.json.bvt.issue_1700.issue1733_jsonpath.test_for_issue,0.0,0.0,False,False
13,fastjson,Issue1733_jsonpath,com.alibaba.json.bvt.issue_1700.issue1733_jsonpath.test_for_issue_or_1,0.0,0.0,False,False
13,fastjson,Issue1761,com.alibaba.json.bvt.issue_1700.issue1761.test_for_issue,0.0,0.0,False,False
13,fastjson,JSON,com.alibaba.json.bvt.issue_1700.issue1769.test_for_issue,0.0,0.0,False,False
13,fastjson,Issue1772,com.alibaba.json.bvt.issue_1700.issue1772.test_0,0.0,0.0,False,False
13,fastjson,Issue1821,com.alibaba.json.bvt.issue_1800.issue1821.test_for_issue,0.0,0.0,False,False
13,fastjson,Issue1834,com.alibaba.json.bvt.issue_1800.issue1834.test_for_issue,0.0,0.0,False,False
13,fastjson,Issue1879,com.alibaba.json.bvt.issue_1800.issue1879.test_for_issue_2,0.0,0.0,False,False
13,fastjson,Issue1903,com.alibaba.json.bvt.issue_1900.issue1903.test_issue,0.0,0.0,False,False
13,fastjson,Issue1945,com.alibaba.json.bvt.issue_1900.issue1945.test_0,0.0,0.0,False,False
13,fastjson,Issue2012,com.alibaba.json.bvt.issue_2000.issue2012.test_for_issue,0.0,0.0,False,False
13,fastjson,Issue2040,com.alibaba.json.bvt.issue_2000.issue2040.test_for_issue_2040,0.0,0.0,False,False
13,fastjson,JSONObject,com.alibaba.json.bvt.json_tojavaobject_test.test_0,0.0,0.0,False,False
13,fastjson,JSONArray,com.alibaba.json.bvt.jsonarraytest.test_getarray_1,0.0,0.0,False,False
13,fastjson,JSONArray,com.alibaba.json.bvt.jsonarraytest.test_getjavabean,0.0,0.0,False,False
13,fastjson,JSONObject,com.alibaba.json.bvt.jsonobjecttest.test_all,0.0,0.0,False,False
13,fastjson,JSONObject,com.alibaba.json.bvt.jsonobjecttest.test_all_2,0.3087891538101917,0.0,False,False
13,fastjson,JSONObject,com.alibaba.json.bvt.jsonobjecttest.test_getdate,0.0,0.0,False,False
13,fastjson,JSONObject,com.alibaba.json.bvt.jsonobjecttest.test_getlong_1,0.0,0.0,False,False
13,fastjson,JSONObject,com.alibaba.json.bvt.jsonobjecttest.test_getobject_map,0.0,0.0,False,False
13,fastjson,JSONObject,com.alibaba.json.bvt.jsonobjecttest.test_writejsonstring,0.0,0.0,False,False
13,fastjson,JSON,com.alibaba.json.bvt.jsontest.test_all,0.4319575986242653,0.0,True,False
13,fastjson,JSON,com.alibaba.json.bvt.jsontest.test_object,0.4319575986242653,0.0,True,False
13,fastjson,JSON,com.alibaba.json.bvt.jsontest.test_writeto_0,0.0,0.0,False,False
13,fastjson,JSON,com.alibaba.json.bvt.jsontest.test_writeto_2,0.0,0.0,False,False
13,fastjson,Issue1462,com.alibaba.json.bvt.kotlin.issue1462.test_user,0.0,0.0,False,False
13,fastjson,Bug0,com.alibaba.json.bvt.parser.bug.bug0.test_0,0.0,0.0,False,False
13,fastjson,Bug2,com.alibaba.json.bvt.parser.bug.bug2.test_0,0.0,0.0,False,False
13,fastjson,Bug_for_changhao,com.alibaba.json.bvt.parser.bug.bug_for_changhao.test_for_bug,0.0,0.0,False,False
13,fastjson,Bug_for_dingzhu,com.alibaba.json.bvt.parser.bug.bug_for_dingzhu.test_0,0.0,0.0,False,False
13,fastjson,Bug_for_kongmu,com.alibaba.json.bvt.parser.bug.bug_for_kongmu.test_for_bug,0.0,0.0,False,False
13,fastjson,Bug_for_lingzhi,com.alibaba.json.bvt.parser.bug.bug_for_lingzhi.test_0,0.0,0.0,False,False
13,fastjson,DefaultExtJSONParser_parseArray,com.alibaba.json.bvt.parser.defaultextjsonparser_parsearray.test_10,0.0,0.0,False,False
13,fastjson,DefaultExtJSONParser_parseArray,com.alibaba.json.bvt.parser.defaultextjsonparser_parsearray.test_3,0.0,0.0,False,False
13,fastjson,DefaultExtJSONParser_parseArray,com.alibaba.json.bvt.parser.defaultextjsonparser_parsearray.test_4,0.0,0.0,False,False
13,fastjson,DefaultExtJSONParser_parseArray,com.alibaba.json.bvt.parser.defaultextjsonparser_parsearray.test_5,0.0,0.0,False,False
13,fastjson,DefaultExtJSONParser_parseArray,com.alibaba.json.bvt.parser.defaultextjsonparser_parsearray.test_8,0.0,0.0,False,False
13,fastjson,DefaultExtJSONParser_parseArray,com.alibaba.json.bvt.parser.defaultextjsonparser_parsearray.test_error_3,0.0,0.0,False,False
13,fastjson,DefaultExtJSONParser,com.alibaba.json.bvt.parser.defaultextjsonparsertest.test_casterror,0.0,0.0,False,False
13,fastjson,DefaultExtJSONParser,com.alibaba.json.bvt.parser.defaultextjsonparsertest.test_error2,0.0,0.0,False,False
13,fastjson,ArrayMapping_bool,com.alibaba.json.bvt.parser.deser.arraymapping.arraymapping_bool.test_for_true,0.0,0.0,False,False
13,fastjson,ArrayMapping_long,com.alibaba.json.bvt.parser.deser.arraymapping.arraymapping_long.test_for_error,0.0,0.0,False,False
13,fastjson,ArrayMapping_long_stream,com.alibaba.json.bvt.parser.deser.arraymapping.arraymapping_long_stream.test_for_error,0.0,0.0,False,False
13,fastjson,DATE,com.alibaba.json.bvt.parser.deser.date.datetest.test,0.0,0.1627766116941529,False,False
13,fastjson,DATE,com.alibaba.json.bvt.parser.deser.date.datetest.test_reader,0.0,0.1627766116941529,False,False
13,fastjson,FieldSerializer,com.alibaba.json.bvt.parser.deser.fieldserializertest.test_writenull,0.0,0.0,False,False
13,fastjson,Generic,com.alibaba.json.bvt.parser.deser.generic.generictest.test_0,0.0,0.0,False,False
13,fastjson,InnerClassDeser,com.alibaba.json.bvt.parser.deser.innerclassdeser.test_for_inner_class,0.0,0.0,False,False
13,fastjson,InnerClassDeser3,com.alibaba.json.bvt.parser.deser.innerclassdeser3.test_for_inner_class,0.0,0.0,False,False
13,fastjson,NumberDeserializer,com.alibaba.json.bvt.parser.deser.numberdeserializertest.test_byte1,0.0,0.0,False,False
13,fastjson,NumberDeserializer,com.alibaba.json.bvt.parser.deser.numberdeserializertest.test_double,0.0,0.0,False,False
13,fastjson,NumberDeserializer,com.alibaba.json.bvt.parser.deser.numberdeserializertest.test_short1,0.0,0.0,False,False
13,fastjson,StackTraceElementDeserializer,com.alibaba.json.bvt.parser.deser.stacktraceelementdeserializertest.test_stack_error_2,0.0,0.0,False,False
13,fastjson,StackTraceElementDeserializer,com.alibaba.json.bvt.parser.deser.stacktraceelementdeserializertest.test_stack_error_3,0.0,0.0,False,False
13,fastjson,StackTraceElementDeserializer,com.alibaba.json.bvt.parser.deser.stacktraceelementdeserializertest.test_stack_error_4,0.0,0.0,False,False
13,fastjson,StackTraceElementDeserializer,com.alibaba.json.bvt.parser.deser.stacktraceelementdeserializertest.test_stack_error_5,0.0,0.0,False,False
13,fastjson,StackTraceElementDeserializer,com.alibaba.json.bvt.parser.deser.stacktraceelementdeserializertest.test_stack_error_9,0.0,0.0,False,False
13,fastjson,ThrowableDeserializer,com.alibaba.json.bvt.parser.deser.throwabledeserializertest.test_error3,0.0,0.0,False,False
13,fastjson,JSONReaderError,com.alibaba.json.bvt.parser.error.jsonreadererror.test_reader_error,0.0,0.0,False,False
13,fastjson,JSONReaderError,com.alibaba.json.bvt.parser.error.jsonreadererror.test_reader_error_1,0.0,0.0,False,False
13,fastjson,JSONReaderError,com.alibaba.json.bvt.parser.error.jsonreadererror.test_reader_no_error,0.0,0.0,False,False
13,fastjson,JSONReaderError,com.alibaba.json.bvt.parser.error.jsonreadererror.test_reader_no_error_1,0.0,0.0,False,False
13,fastjson,JSONReader_top,com.alibaba.json.bvt.parser.jsonreader_top.test_int,0.0,0.0,False,False
13,fastjson,JSONReader_obj_2,com.alibaba.json.bvt.parser.stream.jsonreader_obj_2.test_obj,0.0,0.0,False,False
13,fastjson,JSONReader_obj_3,com.alibaba.json.bvt.parser.stream.jsonreader_obj_3.test_obj_2,0.0,0.0,False,False
13,fastjson,JSONReader_string,com.alibaba.json.bvt.parser.stream.jsonreader_string.test_array_3,0.0,0.0,False,False
13,fastjson,JSONReader_typeRef,com.alibaba.json.bvt.parser.stream.jsonreader_typeref.test_array_2,0.0,0.0,False,False
13,fastjson,JSONReaderScanner,com.alibaba.json.bvt.parser.stream.jsonreaderscannertest.test_doublequote,0.0,0.0,False,False
13,fastjson,TypeUtils,com.alibaba.json.bvt.parser.typeutilstest.test_cast_array,0.0,0.0,False,False
13,fastjson,TypeUtils,com.alibaba.json.bvt.parser.typeutilstest.test_cast_null,0.0,0.0,False,False
13,fastjson,TypeUtils,com.alibaba.json.bvt.parser.typeutilstest.test_cast_to_bigdecimal_same,0.0,0.0,False,False
13,fastjson,TypeUtils,com.alibaba.json.bvt.parser.typeutilstest.test_cast_to_biginteger_same,0.0,0.0,False,False
13,fastjson,TypeUtils,com.alibaba.json.bvt.parser.typeutilstest.test_cast_to_date,0.0,0.0,False,False
13,fastjson,TypeUtils,com.alibaba.json.bvt.parser.typeutilstest.test_cast_to_long,0.0,0.0,False,False
13,fastjson,TypeUtils,com.alibaba.json.bvt.parser.typeutilstest.test_cast_to_sqldate_null,0.0,0.0,False,False
13,fastjson,TypeUtils,com.alibaba.json.bvt.parser.typeutilstest.test_cast_to_sqldate_sql_date,0.0,0.0,False,False
13,fastjson,TypeUtils,com.alibaba.json.bvt.parser.typeutilstest.test_cast_to_sqldate_sql_date2,0.0,0.0,False,False
13,fastjson,TypeUtils,com.alibaba.json.bvt.parser.typeutilstest.test_cast_to_string,0.0,0.0,False,False
13,fastjson,TypeUtils,com.alibaba.json.bvt.parser.typeutilstest.test_cast_to_timestamp,0.0,0.0,False,False
13,fastjson,TypeUtils,com.alibaba.json.bvt.parser.typeutilstest.test_cast_to_timestamp_null2,0.0,0.0,False,False
13,fastjson,TypeUtils,com.alibaba.json.bvt.parser.typeutilstest.test_cast_to_timestamp_number,0.0,0.0,False,False
13,fastjson,TypeUtils,com.alibaba.json.bvt.parser.typeutilstest.test_cast_to_timestamp_sql_timestamp,0.0,0.0,False,False
13,fastjson,TypeUtils,com.alibaba.json.bvt.parser.typeutilstest.test_error,0.0,0.0,False,False
13,fastjson,JSONPath_extract_2_book,com.alibaba.json.bvt.path.extract.jsonpath_extract_2_book.test_4,0.0,0.0,False,False
13,fastjson,JSONPath_extract_3,com.alibaba.json.bvt.path.extract.jsonpath_extract_3.test_0,0.0,0.0,False,False
13,fastjson,JSONPath_extract_3,com.alibaba.json.bvt.path.extract.jsonpath_extract_3.test_1,0.0,0.0,False,False
13,fastjson,JSONPath_extract_4_multi,com.alibaba.json.bvt.path.extract.jsonpath_extract_4_multi.test_1,0.0,0.0,False,False
13,fastjson,JSONPath_0,com.alibaba.json.bvt.path.jsonpath_0.test_map,0.0,0.0,False,False
13,fastjson,JSONPath_0,com.alibaba.json.bvt.path.jsonpath_0.test_null,0.0,0.0,False,False
13,fastjson,JSONPath_1,com.alibaba.json.bvt.path.jsonpath_1.test_path_empty,0.0,0.0,False,False
13,fastjson,JSONPath_5,com.alibaba.json.bvt.path.jsonpath_5.test_path,0.0,0.0,False,False
13,fastjson,JSONPath_6,com.alibaba.json.bvt.path.jsonpath_6.test_path,0.0,0.0,False,False
13,fastjson,JSONPath_7,com.alibaba.json.bvt.path.jsonpath_7.test_path,0.0,0.0,False,False
13,fastjson,JSONPath_8,com.alibaba.json.bvt.path.jsonpath_8.test_error,0.0,0.0,False,False
13,fastjson,JSONPath_9,com.alibaba.json.bvt.path.jsonpath_9.test_paths_1,0.0,0.0,False,False
13,fastjson,JSONPath_array_put,com.alibaba.json.bvt.path.jsonpath_array_put.test_set,0.0,0.0,False,False
13,fastjson,JSONPath_array_put,com.alibaba.json.bvt.path.jsonpath_array_put.test_set_2,0.0,0.0,False,False
13,fastjson,JSONPath_between_double,com.alibaba.json.bvt.path.jsonpath_between_double.test_between_not,0.0,0.0,False,False
13,fastjson,JSONPath_between_int,com.alibaba.json.bvt.path.jsonpath_between_int.test_between,0.0,0.0,False,False
13,fastjson,JSONPath_containsValue,com.alibaba.json.bvt.path.jsonpath_containsvalue.test_root,0.0,0.0,False,False
13,fastjson,JSONPath_containsValue_bigdecimal,com.alibaba.json.bvt.path.jsonpath_containsvalue_bigdecimal.test_root,0.0,0.0,False,False
13,fastjson,JSONPath_enum,com.alibaba.json.bvt.path.jsonpath_enum.test_name,0.0,0.0,False,False
13,fastjson,JSONPath_field_access_filter_compare_int,com.alibaba.json.bvt.path.jsonpath_field_access_filter_compare_int.jsonpath_field_access_filter_compare_int,0.0,0.0,False,False
13,fastjson,JSONPath_field_access_filter_compare_int,com.alibaba.json.bvt.path.jsonpath_field_access_filter_compare_int.test_list_map_le,0.0,0.0,False,False
13,fastjson,JSONPath_field_access_filter_compare_string,com.alibaba.json.bvt.path.jsonpath_field_access_filter_compare_string.test_list_eq_x,0.0,0.0,False,False
13,fastjson,JSONPath_field_access_filter_compare_string,com.alibaba.json.bvt.path.jsonpath_field_access_filter_compare_string.test_list_gt,0.0,0.0,False,False
13,fastjson,JSONPath_field_access_filter_compare_string,com.alibaba.json.bvt.path.jsonpath_field_access_filter_compare_string.test_list_not_null,0.0,0.0,False,False
13,fastjson,JSONPath_field_access_filter_compare_string_simple,com.alibaba.json.bvt.path.jsonpath_field_access_filter_compare_string_simple.test_list_ge,0.0,0.0,False,False
13,fastjson,JSONPath_field_access_filter_compare_string_simple,com.alibaba.json.bvt.path.jsonpath_field_access_filter_compare_string_simple.test_list_le,0.0,0.0,False,False
13,fastjson,JSONPath_field_access_filter_in_decimal,com.alibaba.json.bvt.path.jsonpath_field_access_filter_in_decimal.test_list_in_3,0.0,0.0,False,False
13,fastjson,JSONPath_field_access_filter_in_string,com.alibaba.json.bvt.path.jsonpath_field_access_filter_in_string.test_list_not_in,0.0,0.0,False,False
13,fastjson,JSONPath_field_access_filter_like,com.alibaba.json.bvt.path.jsonpath_field_access_filter_like.test_list_like_contains,0.0,0.0,False,False
13,fastjson,JSONPath_field_access_filter_like,com.alibaba.json.bvt.path.jsonpath_field_access_filter_like.test_list_like_match_two_segement,0.0,0.0,False,False
13,fastjson,JSONPath_field_access_filter_like,com.alibaba.json.bvt.path.jsonpath_field_access_filter_like.test_list_like_match_two_segement_2,0.0,0.0,False,False
13,fastjson,JSONPath_field_access_filter_like,com.alibaba.json.bvt.path.jsonpath_field_access_filter_like.test_list_like_right_match,0.0,0.0,False,False
13,fastjson,JSONPath_field_access_filter_like_simple,com.alibaba.json.bvt.path.jsonpath_field_access_filter_like_simple.test_list_like_extract,0.0,0.0,False,False
13,fastjson,JSONPath_field_access_filter_like_simple,com.alibaba.json.bvt.path.jsonpath_field_access_filter_like_simple.test_list_like_left_match,0.0,0.0,False,False
13,fastjson,JSONPath_field_access_filter_like_simple,com.alibaba.json.bvt.path.jsonpath_field_access_filter_like_simple.test_list_like_match_two_segement,0.0,0.0,False,False
13,fastjson,JSONPath_field_access_filter_like_simple,com.alibaba.json.bvt.path.jsonpath_field_access_filter_like_simple.test_list_like_match_two_segement_3_not,0.0,0.0,False,False
13,fastjson,JSONPath_field_access_filter_like_simple,com.alibaba.json.bvt.path.jsonpath_field_access_filter_like_simple.test_list_like_not_contains,0.0,0.0,False,False
13,fastjson,JSONPath_field_access_filter_rlike,com.alibaba.json.bvt.path.jsonpath_field_access_filter_rlike.test_list_like_left_match,0.0,0.0,False,False
13,fastjson,JSONPath_field_access_filter_rlike,com.alibaba.json.bvt.path.jsonpath_field_access_filter_rlike.test_list_like_match_two_segement,0.0,0.0,False,False
13,fastjson,JSONPath_field_wildcard_filter,com.alibaba.json.bvt.path.jsonpath_field_wildcard_filter.test_list_map_0,0.0,0.0,False,False
13,fastjson,JSONPath_field_wildcard_filter,com.alibaba.json.bvt.path.jsonpath_field_wildcard_filter.test_list_map_1,0.0,0.0,False,False
13,fastjson,JSONPath_field_wildcard_filter,com.alibaba.json.bvt.path.jsonpath_field_wildcard_filter.test_list_map_2,0.0,0.0,False,False
13,fastjson,JSONPath_field_wildcard_filter_double,com.alibaba.json.bvt.path.jsonpath_field_wildcard_filter_double.test_list_map_1,0.0,0.0,False,False
13,fastjson,JSONPath_keySet,com.alibaba.json.bvt.path.jsonpath_keyset.test_demo,0.0,0.0,False,False
13,fastjson,JSONPath_keySet,com.alibaba.json.bvt.path.jsonpath_keyset.test_map,0.0,0.0,False,False
13,fastjson,JSONPath_keySet,com.alibaba.json.bvt.path.jsonpath_keyset.test_nested,0.0,0.0,False,False
13,fastjson,JSONPath_keySet,com.alibaba.json.bvt.path.jsonpath_keyset.test_object,0.0,0.0,False,False
13,fastjson,JSONPath_like,com.alibaba.json.bvt.path.jsonpath_like.test_like_not_match,0.0,0.0,False,False
13,fastjson,JSONPath_list_field,com.alibaba.json.bvt.path.jsonpath_list_field.test_list_field,0.0,0.0,False,False
13,fastjson,JSONPath_list_multi,com.alibaba.json.bvt.path.jsonpath_list_multi.test_list_multi,0.0,0.0,False,False
13,fastjson,JSONPath_list_multi,com.alibaba.json.bvt.path.jsonpath_list_multi.test_list_multi_negative,0.0,0.0,False,False
13,fastjson,JSONPath_list_range,com.alibaba.json.bvt.path.jsonpath_list_range.test_range_2,0.0,0.0,False,False
13,fastjson,JSONPath_list_size,com.alibaba.json.bvt.path.jsonpath_list_size.test_list_size,0.0,0.0,False,False
13,fastjson,JSONPath_list_size_1,com.alibaba.json.bvt.path.jsonpath_list_size_1.test_int_array,0.0,0.0,False,False
13,fastjson,JSONPath_list_size_3,com.alibaba.json.bvt.path.jsonpath_list_size_3.test_java_bean_field_null,0.0,0.0,False,False
13,fastjson,JSONPath_none_root,com.alibaba.json.bvt.path.jsonpath_none_root.test_root,0.0,0.0,False,False
13,fastjson,JSONPath,com.alibaba.json.bvt.path.jsonpath_paths_test1.test_map,0.0,0.0,False,False
13,fastjson,JSONPath,com.alibaba.json.bvt.path.jsonpath_paths_test4.test_map,0.0,0.0,False,False
13,fastjson,JSONPath_set,com.alibaba.json.bvt.path.jsonpath_set.test_set_array,0.0,0.0,False,False
13,fastjson,JSONPath_set,com.alibaba.json.bvt.path.jsonpath_set.test_set_list,0.0,0.0,False,False
13,fastjson,JSONPath,com.alibaba.json.bvt.path.jsonpath_set_test4.test_jsonpath_1,0.0,0.0,False,False
13,fastjson,JSONPath_size,com.alibaba.json.bvt.path.jsonpath_size.test_path,0.0,0.0,False,False
13,fastjson,JSONPath_size,com.alibaba.json.bvt.path.jsonpath_size.test_path_size_1,0.0,0.0,False,False
13,fastjson,Bug0,com.alibaba.json.bvt.serializer.bugtest0.test_0,0.0,0.0,False,False
13,fastjson,Bug0,com.alibaba.json.bvt.serializer.bugtest0.test_error_0,0.0,0.0,False,False
13,fastjson,Bug0,com.alibaba.json.bvt.serializer.bugtest0.test_error_1,0.0,0.0,False,False
13,fastjson,Bug1,com.alibaba.json.bvt.serializer.bugtest1.test_0,0.0,0.0,False,False
13,fastjson,Bug1,com.alibaba.json.bvt.serializer.bugtest1.test_1,0.0,0.0,False,False
13,fastjson,Bug1,com.alibaba.json.bvt.serializer.bugtest1.test_7,0.0,0.0,False,False
13,fastjson,ClobSeriliazer,com.alibaba.json.bvt.serializer.clobseriliazertest.test_clob,0.0,0.0,False,False
13,fastjson,DATE,com.alibaba.json.bvt.serializer.date.datetest.test_2,0.0,0.0,False,False
13,fastjson,DATE,com.alibaba.json.bvt.serializer.date.datetest.test_9,0.0,0.0,False,False
13,fastjson,EnumUsingToString_JSONType,com.alibaba.json.bvt.serializer.enum_.enumusingtostring_jsontype.test_tostring,0.0,0.0,False,False
13,fastjson,ArraySerializer,com.alibaba.json.bvt.serializer.filters.arrayserializertest.test_1,0.0,0.0,False,False
13,fastjson,PropertyFilter_byte,com.alibaba.json.bvt.serializer.filters.propertyfilter_byte.test_3,0.0,0.0,False,False
13,fastjson,PropertyFilter_double,com.alibaba.json.bvt.serializer.filters.propertyfilter_double.test_1,0.0,0.0,False,False
13,fastjson,PropertyFilter_double,com.alibaba.json.bvt.serializer.filters.propertyfilter_double.test_2,0.0,0.0,False,False
13,fastjson,PropertyFilter_int_field,com.alibaba.json.bvt.serializer.filters.propertyfilter_int_field.test_4,0.0,0.0,False,False
13,fastjson,PropertyFilter_long,com.alibaba.json.bvt.serializer.filters.propertyfilter_long.test_0,0.0,0.0,False,False
13,fastjson,PropertyFilter_long,com.alibaba.json.bvt.serializer.filters.propertyfilter_long.test_4,0.0,0.0,False,False
13,fastjson,PropertyFilter_long_field,com.alibaba.json.bvt.serializer.filters.propertyfilter_long_field.test_0,0.0,0.0,False,False
13,fastjson,PropertyFilter_short,com.alibaba.json.bvt.serializer.filters.propertyfilter_short.test_1,0.0,0.0,False,False
13,fastjson,PropertyFilter_short,com.alibaba.json.bvt.serializer.filters.propertyfilter_short.test_2,0.0,0.0,False,False
13,fastjson,PropertyFilter_short,com.alibaba.json.bvt.serializer.filters.propertyfilter_short.test_3,0.0,0.0,False,False
13,fastjson,PropertyFilter,com.alibaba.json.bvt.serializer.filters.propertyfiltertest.test_4,0.0,0.0,False,False
13,fastjson,PropertyFilter,com.alibaba.json.bvt.serializer.filters.propertyfiltertest.test_tojsonstring,0.0,0.0,False,False
13,fastjson,ValueFilter,com.alibaba.json.bvt.serializer.filters.valuefiltertest.test_valuefilter_2,0.0,0.0,False,False
13,fastjson,ValueFilter,com.alibaba.json.bvt.serializer.filters.valuefiltertest.test_valuefilter_3,0.0,0.0,False,False
13,fastjson,JavaBeanSerializer,com.alibaba.json.bvt.serializer.javabeanserializertest.test_0_s,0.0,0.0,False,False
13,fastjson,JavaBeanSerializer,com.alibaba.json.bvt.serializer.javabeanserializertest.test_1_s,0.0,0.0,False,False
13,fastjson,JSONSerializerMap,com.alibaba.json.bvt.serializer.jsonserializermaptest.test_0,0.0,0.0,False,False
13,fastjson,JSONSerializer,com.alibaba.json.bvt.serializer.jsonserializertest.test_0_s,0.0,0.0,False,False
13,fastjson,JSONSerializer,com.alibaba.json.bvt.serializer.jsonserializertest.test_13,0.0,0.0,False,False
13,fastjson,JSONSerializer,com.alibaba.json.bvt.serializer.jsonserializertest.test_15,0.0,0.0,False,False
13,fastjson,JSONSerializer,com.alibaba.json.bvt.serializer.jsonserializertest.test_1_s,0.0,0.0,False,False
13,fastjson,JSONSerializer,com.alibaba.json.bvt.serializer.jsonserializertest.test_6,0.0,0.0,False,False
13,fastjson,JSONSerializer,com.alibaba.json.bvt.serializer.jsonserializertest.test_8,0.0,0.0,False,False
13,fastjson,JSONSerializer,com.alibaba.json.bvt.serializer.jsonserializertest.test_error,0.0,0.0,False,False
13,fastjson,ListSerializer,com.alibaba.json.bvt.serializer.listserializertest.test_6_s,0.0,0.0,False,False
13,fastjson,MapSerializer,com.alibaba.json.bvt.serializer.mapserializertest.test_int2_s,0.0,0.0,False,False
13,fastjson,ObjectSerializer,com.alibaba.json.bvt.serializer.objectserializertest.test_serialize,0.0,0.0,False,False
13,fastjson,PascalNameFilter,com.alibaba.json.bvt.serializer.pascalnamefiltertest.test_0,0.0,0.0,False,False
13,fastjson,SerialContext,com.alibaba.json.bvt.serializer.serialcontexttest.test_context,0.0,0.0,False,False
13,fastjson,SerializeConfig,com.alibaba.json.bvt.serializer.serializeconfigtest.test_0,0.0,0.0,False,False
13,fastjson,SerializeWriter,com.alibaba.json.bvt.serializer.serializewritertest.test_13_long,0.0,0.0,False,False
13,fastjson,SerializeWriter,com.alibaba.json.bvt.serializer.serializewritertest.test_15,0.0,0.0,False,False
13,fastjson,SerializeWriter,com.alibaba.json.bvt.serializer.serializewritertest.test_17,0.0,0.0,False,False
13,fastjson,SerializeWriter,com.alibaba.json.bvt.serializer.serializewritertest.test_18,0.0,0.0,False,False
13,fastjson,SerializeWriter,com.alibaba.json.bvt.serializer.serializewritertest.test_error_0,0.0,0.0,False,False
13,fastjson,SimplePropertyPreFilter,com.alibaba.json.bvt.serializer.simplepropertyprefiltertest.test_exclude_id,0.0,0.0,False,False
13,fastjson,SimplePropertyPreFilter,com.alibaba.json.bvt.serializer.simplepropertyprefiltertest.test_exclude_name,0.0,0.0,False,False
13,fastjson,StringSerializer,com.alibaba.json.bvt.serializer.stringserializertest.test_10_d,0.0,0.0,False,False
13,fastjson,StringSerializer,com.alibaba.json.bvt.serializer.stringserializertest.test_11,0.0,0.0,False,False
13,fastjson,StringSerializer,com.alibaba.json.bvt.serializer.stringserializertest.test_5,0.0,0.0,False,False
13,fastjson,StringSerializer,com.alibaba.json.bvt.serializer.stringserializertest.test_5_d,0.0,0.0,False,False
13,fastjson,StringSerializer,com.alibaba.json.bvt.serializer.stringserializertest.test_6_d,0.0,0.0,False,False
13,fastjson,StringSerializer,com.alibaba.json.bvt.serializer.stringserializertest.test_7_d,0.0,0.0,False,False
13,fastjson,JSONWriter,com.alibaba.json.bvt.stream.jsonwritertest.test_0,0.0,0.0,False,False
13,fastjson,JSONWriter,com.alibaba.json.bvt.stream.jsonwritertest.test_3,0.0,0.0,False,False
13,fastjson,FastJsonHttpMessageConverter,com.alibaba.json.bvt.support.spring.fastjsonhttpmessageconvertertest.test_1,0.0,0.0,False,False
13,fastjson,FastJsonJsonView,com.alibaba.json.bvt.support.spring.fastjsonjsonviewtest.test_jsonp,0.0,0.0,False,False
13,fastjson,FastJsonRedisSerializer,com.alibaba.json.bvt.support.spring.fastjsonredisserializertest.test_1,0.0,0.0,False,False
13,fastjson,GenericFastJsonRedisSerializer,com.alibaba.json.bvt.support.spring.genericfastjsonredisserializertest.test_1,0.0,0.0,False,False
13,fastjson,MappingFastJsonMessageConverter,com.alibaba.json.bvt.support.spring.messaging.mappingfastjsonmessageconvertertest.test_1,0.0,0.0,False,False
13,fastjson,FastJsonHttpMessageConverter4,com.alibaba.json.bvt.support.spring.mock.testcase.fastjsonhttpmessageconverter4test.test1,0.0,0.0,False,False
13,fastjson,FastJsonHttpMessageConverter4,com.alibaba.json.bvt.support.spring.mock.testcase.fastjsonhttpmessageconverter4test.test4,0.0,0.0,False,False
13,fastjson,FastJsonHttpMessageConverter,com.alibaba.json.bvt.support.spring.mock.testcase.fastjsonhttpmessageconvertertest.test3,0.0,0.0,False,False
13,fastjson,FastJsonHttpMessageConverter,com.alibaba.json.bvt.support.spring.mock.testcase.fastjsonhttpmessageconvertertest.test4,0.0,0.0,False,False
13,fastjson,FastJsonHttpMessageConverter,com.alibaba.json.bvt.support.spring.mock.testcase.fastjsonhttpmessageconvertertest.test5,0.0,0.0,False,False
13,fastjson,FastJsonJsonView,com.alibaba.json.bvt.support.spring.mock.testcase.fastjsonjsonviewtest.test2,0.0,0.0,False,False
13,fastjson,TypeReference,com.alibaba.json.bvt.typeref.typereferencetest.test_0,0.0,0.0,False,False
13,fastjson,Base64,com.alibaba.json.bvt.util.base64test.test_base64,0.0,0.0,False,False
13,fastjson,RyuDouble,com.alibaba.json.bvt.util.ryudoubletest.test_1,0.0,0.0,False,False
13,fastjson,RyuDouble,com.alibaba.json.bvt.util.ryudoubletest.test_2,0.0,0.0,False,False
13,fastjson,RyuFloat,com.alibaba.json.bvt.util.ryufloattest.test_0,0.0,0.0,False,False
13,fastjson,RyuFloat,com.alibaba.json.bvt.util.ryufloattest.test_for_ryu,0.0,0.0,False,False
13,fastjson,ThreadLocalCache,com.alibaba.json.bvt.util.threadlocalcachetest.test_chars,0.0,0.0,False,False
13,fastjson,TypeUtils,com.alibaba.json.bvt.util.typeutilstest.test_0,0.0,0.0,False,False
13,fastjson,UTF8Decoder,com.alibaba.json.bvt.util.utf8decodertest.test_3,0.0,0.0,False,False
13,fastjson,WriteAsArray_double_private,com.alibaba.json.bvt.writeasarray.writeasarray_double_private.test_error1,0.0,0.0,False,False
13,fastjson,WriteAsArray_double_public,com.alibaba.json.bvt.writeasarray.writeasarray_double_public.test_error1,0.0,0.0,False,False
13,fastjson,WriteAsArray_float2_private,com.alibaba.json.bvt.writeasarray.writeasarray_float2_private.test_error,0.0,0.0,False,False
13,fastjson,WriteAsArray_float2_public,com.alibaba.json.bvt.writeasarray.writeasarray_float2_public.test_error2,0.0,0.0,False,
13,fastjson,WriteAsArray_int_public,com.alibaba.json.bvt.writeasarray.writeasarray_int_public.test_2_stream,0.0,0.0,False,False
13,fastjson,WriteAsArray_int_public,com.alibaba.json.bvt.writeasarray.writeasarray_int_public.test_error,0.0,0.0,False,False
13,fastjson,WriteAsArray_int_public,com.alibaba.json.bvt.writeasarray.writeasarray_int_public.test_error_overflow,0.0,0.0,False,False
13,fastjson,WriteAsArray_int_public,com.alibaba.json.bvt.writeasarray.writeasarray_int_public.test_error_overflow_stream,0.0,0.0,False,False
13,fastjson,WriteAsArray_list_obj_public,com.alibaba.json.bvt.writeasarray.writeasarray_list_obj_public.test_0,0.0,0.0,False,False
13,fastjson,WriteAsArray_long_public,com.alibaba.json.bvt.writeasarray.writeasarray_long_public.test_0,0.0,0.0,False,False
13,fastjson,WriteAsArray_long_public,com.alibaba.json.bvt.writeasarray.writeasarray_long_public.test_1,0.0,0.0,False,False
13,fastjson,WriteAsArray_long_public,com.alibaba.json.bvt.writeasarray.writeasarray_long_public.test_2,0.0,0.0,False,False
13,fastjson,WriteAsArray_long_public,com.alibaba.json.bvt.writeasarray.writeasarray_long_public.test_2_stream,0.0,0.0,False,False
13,fastjson,WriteAsArray_long_public,com.alibaba.json.bvt.writeasarray.writeasarray_long_public.test_error,0.0,0.0,False,False
13,fastjson,WriteAsArray_long_public,com.alibaba.json.bvt.writeasarray.writeasarray_long_public.test_error_1,0.0,0.0,False,False
13,fastjson,WriteAsArray_long_public,com.alibaba.json.bvt.writeasarray.writeasarray_long_public.test_error_overflow_stream,0.0,0.0,False,False
13,fastjson,WriteAsArray_long_public,com.alibaba.json.bvt.writeasarray.writeasarray_long_public.test_error_stream,0.0,0.0,False,False
13,fastjson,WriteAsArray_long_public,com.alibaba.json.bvt.writeasarray.writeasarray_long_public.test_error_value_notmatch,0.0,0.0,False,False
13,fastjson,WriteAsArray_long_public,com.alibaba.json.bvt.writeasarray.writeasarray_long_public.test_error_value_notmatch_2_stream,0.0,0.0,False,False
13,fastjson,WriteAsArray_long_public,com.alibaba.json.bvt.writeasarray.writeasarray_long_public.test_error_value_notmatch_stream,0.0,0.0,False,False
13,fastjson,WriteAsArray_long_stream_public,com.alibaba.json.bvt.writeasarray.writeasarray_long_stream_public.test_0,0.0,0.0,False,False
13,fastjson,WriteAsArray_Object,com.alibaba.json.bvt.writeasarray.writeasarray_object.test_0,0.0,0.0,False,False
13,fastjson,WriteAsArray_Object_2_public,com.alibaba.json.bvt.writeasarray.writeasarray_object_2_public.test_0,0.0,0.0,False,False
13,fastjson,WriteAsArray_short_public,com.alibaba.json.bvt.writeasarray.writeasarray_short_public.test_0,0.0,0.0,False,False
13,fastjson,WriteAsArray_string,com.alibaba.json.bvt.writeasarray.writeasarray_string.test_0,0.0,0.0,False,False
13,fastjson,WriteAsArray_string_special,com.alibaba.json.bvt.writeasarray.writeasarray_string_special.test_0,0.0,0.0,False,False
13,fastjson,WriteAsArray_string_special_2,com.alibaba.json.bvt.writeasarray.writeasarray_string_special_2.test_error,0.0,0.0,False,False
13,fastjson,WriteAsArray_string_special_Reader,com.alibaba.json.bvt.writeasarray.writeasarray_string_special_reader.test_1,0.0,0.0,False,False
13,fastjson,Demo1,com.alibaba.json.demo.demo1.test_0,0.0,0.0,False,False
13,fastjson,Demo2,com.alibaba.json.demo.demo2.test_0,0.0,0.0,False,False
13,fastjson,EncodeDemo,com.alibaba.json.demo.encodedemo.test_encode,0.0,0.0,False,False
13,fastjson,ReuseObject,com.alibaba.json.demo.reuseobject.test_reuse,0.0,0.0,False,False
13,fastjson,A20170327_0,com.alibaba.json.test.a.a20170327_0.test_0,0.0,0.0,False,False
13,fastjson,Alipay1206,com.alibaba.json.test.a.alipay1206.test_for_alipay,0.0,0.0,False,False
13,fastjson,Issue1001,com.alibaba.json.test.issue1001.test_for_issue,0.0,0.0,False,False
13,fastjson,RyuDouble,com.alibaba.json.test.ryu.ryudoubletest.test_for_ryu,0.0,0.0,False,False
